,user_name,identified_username,K_means_cluster_predicted,cosine_similarity,K_means_clusters,temp_cosine_similarity
0,1001_combined.csv,1001_combined.csv,0,0.9335644415898545,0,0
1,100_combined.csv,100_combined.csv,1,0.9502070637740465,1,0
2,1012_combined.csv,1012_combined.csv,1,0.9514127377417135,1,0
3,1018_combined.csv,1018_combined.csv,0,0.8229547896878474,0,0
4,101_combined.csv,101_combined.csv,2,0.9710374653402937,2,0
5,1025_combined.csv,3448_combined.csv,2,0.8594853507606062,2,0
6,1027_combined.csv,1027_combined.csv,2,0.9403410119618749,2,0
7,1028_combined.csv,1028_combined.csv,0,0.9571852957384992,0,0
8,1031_combined.csv,1031_combined.csv,3,0.9517319242999778,3,0
9,1046_combined.csv,1046_combined.csv,2,0.9530836407569213,2,0
10,1050_combined.csv,1050_combined.csv,4,0.9438918818875842,4,0
11,1052_combined.csv,1052_combined.csv,1,0.8925552431000933,1,0
12,1053_combined.csv,2581_combined.csv,4,0.7806171730401529,1,0
13,1054_combined.csv,1054_combined.csv,1,0.9561175910028703,1,0
14,1058_combined.csv,1552_combined.csv,0,0.8501887626671709,2,0
15,1060_combined.csv,1060_combined.csv,1,0.8978163900909436,1,0
16,1061_combined.csv,1061_combined.csv,1,0.9600558460944479,1,0
17,1066_combined.csv,1066_combined.csv,3,0.8949215686519556,3,0
18,1079_combined.csv,3551_combined.csv,4,0.8714068422779754,3,0
19,1093_combined.csv,1093_combined.csv,1,0.9705420946108556,1,0
20,1100_combined.csv,1100_combined.csv,4,0.8967000564646869,4,0
21,1112_combined.csv,953_combined.csv,2,0.8097958425148366,0,0
22,1121_combined.csv,3977_combined.csv,0,0.8482113398565484,2,0
23,112_combined.csv,1425_combined.csv,4,0.800983231221631,1,0
24,114_combined.csv,114_combined.csv,1,0.921341009906794,1,0
25,115_combined.csv,1509_combined.csv,4,0.7988310375972059,1,0
26,1160_combined.csv,2388_combined.csv,2,0.8655800562198563,0,0
27,1165_combined.csv,1165_combined.csv,0,0.9212705979423682,0,0
28,1175_combined.csv,1175_combined.csv,2,0.9264014451577751,2,0
29,1182_combined.csv,1182_combined.csv,0,0.9409644358297903,0,0
30,1195_combined.csv,3728_combined.csv,3,0.8398388895082115,4,0
31,119_combined.csv,119_combined.csv,0,0.8835661348751797,0,0
32,1212_combined.csv,1212_combined.csv,3,0.8581800221763087,3,0
33,1222_combined.csv,1222_combined.csv,0,0.9041577359419863,0,0
34,1224_combined.csv,1224_combined.csv,3,0.9626374716934765,3,0
35,1226_combined.csv,1226_combined.csv,2,0.9434487163383882,2,0
36,122_combined.csv,5147_combined.csv,2,0.8125024840247794,0,0
37,1241_combined.csv,1241_combined.csv,4,0.964047093046448,4,0
38,1259_combined.csv,1463_combined.csv,1,0.8519019288875141,4,0
39,1264_combined.csv,1264_combined.csv,2,0.8588158687578323,2,0
40,1265_combined.csv,1265_combined.csv,2,0.917587997725199,2,0
41,126_combined.csv,126_combined.csv,3,0.8472885782709626,3,0
42,1271_combined.csv,1271_combined.csv,2,0.9408577822733757,2,0
43,1283_combined.csv,1283_combined.csv,2,0.9629143911082528,2,0
44,1289_combined.csv,1289_combined.csv,3,0.9516372255197325,3,0
45,1290_combined.csv,1290_combined.csv,3,0.9482839431183813,3,0
46,1296_combined.csv,1212_combined.csv,3,0.8274325875637015,1,0
47,1311_combined.csv,1311_combined.csv,0,0.9264589676600884,0,0
48,1313_combined.csv,3977_combined.csv,0,0.8611899782866261,0,0
49,1316_combined.csv,1316_combined.csv,2,0.9697731211896851,2,0
50,1322_combined.csv,1322_combined.csv,2,0.9623351690594735,2,0
51,1323_combined.csv,1323_combined.csv,2,0.955712459194661,2,0
52,1335_combined.csv,7816_combined.csv,1,0.8507957573582081,1,0
53,1336_combined.csv,1336_combined.csv,0,0.9488329664767315,0,0
54,1337_combined.csv,1337_combined.csv,0,0.9455314715981558,0,0
55,1343_combined.csv,1343_combined.csv,4,0.9562567472771506,4,0
56,1348_combined.csv,979_combined.csv,1,0.8505011883041362,1,0
57,1349_combined.csv,1349_combined.csv,0,0.9133420241778825,0,0
58,1365_combined.csv,1365_combined.csv,0,0.9014139586574305,0,0
59,1379_combined.csv,1379_combined.csv,0,0.9335674595122291,0,0
60,1382_combined.csv,1382_combined.csv,1,0.9527059177640267,1,0
61,1383_combined.csv,1383_combined.csv,2,0.9104468666994966,2,0
62,1387_combined.csv,1849_combined.csv,2,0.8168184770310342,2,0
63,1390_combined.csv,1390_combined.csv,3,0.9545220527252346,3,0
64,1392_combined.csv,1392_combined.csv,0,0.8295457903497977,0,0
65,1401_combined.csv,1401_combined.csv,3,0.9412507094509899,3,0
66,1413_combined.csv,1413_combined.csv,0,0.9429128224439883,0,0
67,1417_combined.csv,1974_combined.csv,4,0.83334240714626,3,0
68,1422_combined.csv,1422_combined.csv,1,0.8936120178337839,1,0
69,1425_combined.csv,30_combined.csv,1,0.7917904764314122,4,0
70,1445_combined.csv,1445_combined.csv,2,0.9742632525306992,2,0
71,1446_combined.csv,1446_combined.csv,2,0.9187907273180156,2,0
72,1448_combined.csv,1448_combined.csv,1,0.9475170094322585,1,0
73,1456_combined.csv,1456_combined.csv,0,0.9005435857124959,0,0
74,1460_combined.csv,1460_combined.csv,4,0.9355927679402555,4,0
75,1463_combined.csv,1463_combined.csv,1,0.928420762735279,1,0
76,1472_combined.csv,4363_combined.csv,4,0.8624914829129678,3,0
77,1473_combined.csv,1473_combined.csv,2,0.9607572181240143,2,0
78,1482_combined.csv,1482_combined.csv,0,0.9562630258750755,0,0
79,1487_combined.csv,1487_combined.csv,2,0.9639847707494847,2,0
80,1498_combined.csv,1498_combined.csv,4,0.9129987018405387,4,0
81,14_combined.csv,14_combined.csv,1,0.950850035605071,1,0
82,1509_combined.csv,1509_combined.csv,4,0.9450405892315619,4,0
83,1513_combined.csv,1513_combined.csv,3,0.8880463772236358,3,0
84,1535_combined.csv,1535_combined.csv,2,0.9223643588116018,2,0
85,1536_combined.csv,1536_combined.csv,0,0.9139922346651582,0,0
86,1547_combined.csv,698_combined.csv,1,0.8339105063959732,3,0
87,154_combined.csv,154_combined.csv,2,0.9592846843924271,2,0
88,1552_combined.csv,1552_combined.csv,0,0.9122509780432398,0,0
89,1556_combined.csv,1556_combined.csv,0,0.9640709725240157,0,0
90,1571_combined.csv,1571_combined.csv,0,0.9467491363627356,0,0
91,157_combined.csv,157_combined.csv,2,0.9107348514576481,2,0
92,159_combined.csv,836_combined.csv,0,0.800097671105673,3,0
93,1603_combined.csv,1603_combined.csv,2,0.9363994125039858,2,0
94,1607_combined.csv,1607_combined.csv,0,0.9798191430272324,0,0
95,1629_combined.csv,1629_combined.csv,3,0.9255973028585256,3,0
96,1634_combined.csv,1634_combined.csv,2,0.9774972248240571,2,0
97,1638_combined.csv,1638_combined.csv,2,0.969453004940182,2,0
98,1639_combined.csv,1639_combined.csv,0,0.9469249122491706,0,0
99,1641_combined.csv,1641_combined.csv,4,0.982069163785517,4,0
100,1645_combined.csv,1645_combined.csv,0,0.9671853258474206,0,0
101,1649_combined.csv,1649_combined.csv,1,0.9258900940568642,1,0
102,1668_combined.csv,1668_combined.csv,1,0.9279078170805686,1,0
103,166_combined.csv,166_combined.csv,3,0.9685164753318651,3,0
104,1678_combined.csv,1678_combined.csv,1,0.9725289772679642,1,0
105,16_combined.csv,6643_combined.csv,1,0.8466769205586094,4,0
106,1705_combined.csv,1705_combined.csv,3,0.9606909375410623,3,0
107,1724_combined.csv,1724_combined.csv,3,0.959254093191395,3,0
108,1731_combined.csv,1731_combined.csv,1,0.9595989698831701,1,0
109,1734_combined.csv,1734_combined.csv,3,0.9740176375524114,3,0
110,1740_combined.csv,1740_combined.csv,1,0.9558240118481487,1,0
111,1748_combined.csv,1748_combined.csv,0,0.9418233423827131,0,0
112,1752_combined.csv,1752_combined.csv,1,0.9893037313767091,1,0
113,1754_combined.csv,4238_combined.csv,3,0.768825161523571,4,0
114,175_combined.csv,175_combined.csv,1,0.8759045907575822,1,0
115,1769_combined.csv,1769_combined.csv,0,0.909707039591889,0,0
116,176_combined.csv,176_combined.csv,0,0.9676014479724353,0,0
117,1776_combined.csv,7128_combined.csv,2,0.7923160392555663,0,0
118,1777_combined.csv,1777_combined.csv,2,0.8933616371775375,2,0
119,1779_combined.csv,1779_combined.csv,1,0.9771629992301644,1,0
120,1789_combined.csv,1789_combined.csv,2,0.8911226142327838,2,0
121,17_combined.csv,17_combined.csv,2,0.9249409233988966,2,0
122,1800_combined.csv,1800_combined.csv,4,0.9538668639904435,4,0
123,1801_combined.csv,1801_combined.csv,0,0.955429652207397,0,0
124,1806_combined.csv,1806_combined.csv,2,0.8299884255081005,2,0
125,1811_combined.csv,4438_combined.csv,2,0.8176641147571384,0,0
126,1825_combined.csv,1825_combined.csv,4,0.9468225220548666,4,0
127,1826_combined.csv,1826_combined.csv,0,0.9197691941369817,0,0
128,1827_combined.csv,1827_combined.csv,2,0.9530568904381247,2,0
129,1845_combined.csv,8722_combined.csv,3,0.8448041366204941,3,0
130,1849_combined.csv,1849_combined.csv,2,0.9236701740927954,2,0
131,1851_combined.csv,4926_combined.csv,1,0.8761980132642038,1,0
132,1859_combined.csv,7294_combined.csv,1,0.8497518029566727,3,0
133,1874_combined.csv,1874_combined.csv,0,0.8801745996929915,0,0
134,1885_combined.csv,1885_combined.csv,1,0.9504158233065874,1,0
135,188_combined.csv,8075_combined.csv,1,0.8046213952027795,1,0
136,1903_combined.csv,1903_combined.csv,2,0.9487327535146313,2,0
137,1913_combined.csv,207_combined.csv,0,0.8275153061412733,2,0
138,1914_combined.csv,1914_combined.csv,0,0.9529967789603445,0,0
139,1923_combined.csv,3493_combined.csv,4,0.8870166391757458,4,0
140,192_combined.csv,192_combined.csv,3,0.898340590829786,3,0
141,1933_combined.csv,1933_combined.csv,0,0.9849009154658162,0,0
142,1943_combined.csv,1943_combined.csv,2,0.9603925836567815,2,0
143,1944_combined.csv,1944_combined.csv,1,0.9097773742433899,1,0
144,1958_combined.csv,487_combined.csv,0,0.8564859232947432,2,0
145,1961_combined.csv,3738_combined.csv,4,0.8600994000713154,3,0
146,1974_combined.csv,1974_combined.csv,4,0.8410702385082234,4,0
147,1987_combined.csv,868_combined.csv,0,0.7883401870276803,0,0
148,2004_combined.csv,2004_combined.csv,4,0.9553589089619726,4,0
149,2010_combined.csv,2010_combined.csv,3,0.9428206225008968,3,0
150,2012_combined.csv,2012_combined.csv,2,0.8097900274580772,2,0
151,2039_combined.csv,1058_combined.csv,2,0.8185010883501237,0,0
152,203_combined.csv,278_combined.csv,1,0.9230384211535023,4,0
153,2045_combined.csv,2045_combined.csv,0,0.9112308977644857,0,0
154,204_combined.csv,1349_combined.csv,0,0.8313017962406052,0,0
155,2053_combined.csv,2053_combined.csv,0,0.8919353731755115,0,0
156,2056_combined.csv,2056_combined.csv,3,0.9796102173523951,3,0
157,205_combined.csv,205_combined.csv,4,0.8838382191727137,4,0
158,2060_combined.csv,1547_combined.csv,3,0.8716978365268682,3,0
159,2061_combined.csv,2061_combined.csv,3,0.9674443242935697,3,0
160,2074_combined.csv,3816_combined.csv,1,0.8124362235975845,0,0
161,207_combined.csv,8474_combined.csv,2,0.7971851551069613,0,0
162,2085_combined.csv,2085_combined.csv,3,0.9366385652865324,3,0
163,208_combined.csv,208_combined.csv,1,0.941054191714658,1,0
164,2093_combined.csv,2093_combined.csv,2,0.9705712134844069,2,0
165,209_combined.csv,209_combined.csv,4,0.9538628491777181,4,0
166,210_combined.csv,210_combined.csv,2,0.9659301138205583,2,0
167,2110_combined.csv,2110_combined.csv,0,0.9611866651296392,0,0
168,2113_combined.csv,2531_combined.csv,0,0.8690615713794213,2,0
169,2127_combined.csv,2127_combined.csv,0,0.9627577203689556,0,0
170,2137_combined.csv,2137_combined.csv,0,0.9372465226350721,0,0
171,2146_combined.csv,2146_combined.csv,2,0.941596104320418,2,0
172,2149_combined.csv,953_combined.csv,2,0.7997903276964445,0,0
173,2156_combined.csv,2156_combined.csv,2,0.900205543969597,2,0
174,2162_combined.csv,2162_combined.csv,0,0.8269953474091927,0,0
175,2167_combined.csv,2167_combined.csv,0,0.9470782055194948,0,0
176,216_combined.csv,216_combined.csv,2,0.9296205217128773,2,0
177,217_combined.csv,217_combined.csv,4,0.9771049132331434,4,0
178,2194_combined.csv,2194_combined.csv,4,0.8835039565954154,4,0
179,2201_combined.csv,2201_combined.csv,0,0.9124260597158241,0,0
180,2204_combined.csv,2204_combined.csv,3,0.884482840590039,3,0
181,2229_combined.csv,1634_combined.csv,2,0.8551598736030585,2,0
182,2230_combined.csv,2230_combined.csv,3,0.8888616415326688,3,0
183,2238_combined.csv,2238_combined.csv,2,0.8724548310673212,2,0
184,2240_combined.csv,2240_combined.csv,2,0.9032923459753718,2,0
185,224_combined.csv,224_combined.csv,4,0.9103729619944048,4,0
186,2254_combined.csv,2254_combined.csv,4,0.9340604874946207,4,0
187,2256_combined.csv,4260_combined.csv,3,0.797474431901802,4,0
188,225_combined.csv,225_combined.csv,3,0.8834894236173458,3,0
189,2269_combined.csv,7240_combined.csv,3,0.8460668238669011,4,0
190,2272_combined.csv,2272_combined.csv,2,0.9472681595329779,2,0
191,227_combined.csv,227_combined.csv,1,0.8713127623718627,1,0
192,2285_combined.csv,501_combined.csv,0,0.8670269176934923,2,0
193,2294_combined.csv,2294_combined.csv,2,0.875994056598578,2,0
194,2299_combined.csv,2299_combined.csv,2,0.8829598937061753,2,0
195,22_combined.csv,22_combined.csv,4,0.9265766934209652,4,0
196,2319_combined.csv,2319_combined.csv,2,0.9390287824208785,2,0
197,231_combined.csv,4148_combined.csv,2,0.8137623662514847,0,0
198,2334_combined.csv,2334_combined.csv,2,0.8998413708077776,2,0
199,2348_combined.csv,1060_combined.csv,1,0.8579019237612693,4,0
200,2364_combined.csv,1093_combined.csv,1,0.8458644226029234,3,0
201,2368_combined.csv,2368_combined.csv,0,0.8782142434320231,0,0
202,2388_combined.csv,2388_combined.csv,2,0.9197617889787284,2,0
203,2393_combined.csv,2393_combined.csv,0,0.9496373351302797,0,0
204,2397_combined.csv,2397_combined.csv,2,0.9597958851745405,2,0
205,23_combined.csv,23_combined.csv,4,0.9472129246569618,4,0
206,2401_combined.csv,2401_combined.csv,3,0.9641139746741662,3,0
207,2404_combined.csv,7553_combined.csv,0,0.8014659633728509,2,0
208,240_combined.csv,240_combined.csv,0,0.8768202333356886,0,0
209,2411_combined.csv,4926_combined.csv,1,0.8811617253539981,1,0
210,2427_combined.csv,716_combined.csv,0,0.8272739985958771,2,0
211,242_combined.csv,3046_combined.csv,3,0.8022687647877295,1,0
212,246_combined.csv,5039_combined.csv,4,0.8688562350006122,4,0
213,2473_combined.csv,7460_combined.csv,2,0.8511949840746003,2,0
214,2481_combined.csv,2481_combined.csv,4,0.9370068491675385,4,0
215,2494_combined.csv,2494_combined.csv,2,0.9496947092945452,2,0
216,2498_combined.csv,2498_combined.csv,4,0.9589346351114598,4,0
217,2499_combined.csv,2499_combined.csv,2,0.9499842582197555,2,0
218,249_combined.csv,249_combined.csv,2,0.9699704093648306,2,0
219,2512_combined.csv,2512_combined.csv,1,0.9051476219847416,1,0
220,2517_combined.csv,2517_combined.csv,0,0.9539150220408328,0,0
221,2531_combined.csv,1058_combined.csv,2,0.7821670265951473,0,0
222,2532_combined.csv,2532_combined.csv,4,0.8912378675395688,4,0
223,2533_combined.csv,2533_combined.csv,2,0.9183825866863792,2,0
224,2562_combined.csv,2562_combined.csv,2,0.9116686990714227,2,0
225,2570_combined.csv,2570_combined.csv,3,0.9040682465443749,3,0
226,2573_combined.csv,2573_combined.csv,3,0.9467544827225405,3,0
227,2577_combined.csv,2577_combined.csv,1,0.9419158644258755,1,0
228,2581_combined.csv,2581_combined.csv,4,0.9163662971168316,4,0
229,2582_combined.csv,2582_combined.csv,1,0.918921136964118,1,0
230,2589_combined.csv,806_combined.csv,0,0.7998015124071541,2,0
231,258_combined.csv,258_combined.csv,0,0.8508146944236216,0,0
232,2592_combined.csv,2592_combined.csv,1,0.9690476497106016,1,0
233,2598_combined.csv,2598_combined.csv,3,0.8592923729385047,3,0
234,2618_combined.csv,2618_combined.csv,0,0.9694906838835078,0,0
235,2628_combined.csv,3289_combined.csv,2,0.8018977658005525,2,0
236,2638_combined.csv,2638_combined.csv,3,0.9643226428671393,3,0
237,2652_combined.csv,2652_combined.csv,3,0.8920872924164068,3,0
238,2654_combined.csv,2654_combined.csv,0,0.9570019342474724,0,0
239,2673_combined.csv,2673_combined.csv,2,0.9885422552663651,2,0
240,2674_combined.csv,2674_combined.csv,0,0.9504102977725081,0,0
241,2688_combined.csv,8687_combined.csv,0,0.7577063159142616,2,0
242,2696_combined.csv,2696_combined.csv,2,0.9815197350573345,2,0
243,2709_combined.csv,2709_combined.csv,3,0.8996406414782813,3,0
244,272_combined.csv,272_combined.csv,2,0.9306756418060079,2,0
245,2741_combined.csv,2741_combined.csv,1,0.835654537803021,1,0
246,274_combined.csv,6300_combined.csv,3,0.8606490173792357,3,0
247,2751_combined.csv,2751_combined.csv,4,0.9603855754243056,4,0
248,2758_combined.csv,7802_combined.csv,1,0.8552086082431934,1,0
249,2769_combined.csv,2769_combined.csv,2,0.9315183463144313,2,0
250,2774_combined.csv,2045_combined.csv,0,0.837532992452694,2,0
251,2775_combined.csv,2775_combined.csv,1,0.9169418710387501,1,0
252,2785_combined.csv,2254_combined.csv,4,0.87530265712521,4,0
253,2787_combined.csv,2787_combined.csv,2,0.9615540672053159,2,0
254,278_combined.csv,278_combined.csv,1,0.9727754936284866,1,0
255,2790_combined.csv,2790_combined.csv,1,0.9284383163218841,1,0
256,2812_combined.csv,2812_combined.csv,0,0.9672746423871139,0,0
257,2815_combined.csv,2815_combined.csv,0,0.9470240605425514,0,0
258,2816_combined.csv,2816_combined.csv,2,0.8260911585091802,2,0
259,2823_combined.csv,5293_combined.csv,0,0.8205071369483418,2,0
260,2827_combined.csv,2827_combined.csv,0,0.9572024003989541,0,0
261,2853_combined.csv,2853_combined.csv,4,0.9406155446271053,4,0
262,2882_combined.csv,2882_combined.csv,4,0.9751452028332459,4,0
263,288_combined.csv,288_combined.csv,0,0.92415506978431,0,0
264,28_combined.csv,28_combined.csv,3,0.9518520075859135,3,0
265,2920_combined.csv,2920_combined.csv,4,0.9118010673243053,4,0
266,2929_combined.csv,2929_combined.csv,0,0.927756706962528,0,0
267,2960_combined.csv,2960_combined.csv,0,0.9223629797323933,0,0
268,296_combined.csv,7553_combined.csv,0,0.7635885054499038,2,0
269,2971_combined.csv,2971_combined.csv,0,0.9656501642818124,0,0
270,2992_combined.csv,2992_combined.csv,2,0.8707588251088382,2,0
271,2999_combined.csv,2999_combined.csv,2,0.8818412917212065,2,0
272,3001_combined.csv,3001_combined.csv,4,0.9369387901295572,4,0
273,3003_combined.csv,3003_combined.csv,3,0.885880771911167,3,0
274,3008_combined.csv,3008_combined.csv,3,0.9545901846006881,3,0
275,3009_combined.csv,3009_combined.csv,2,0.9542066598469275,2,0
276,3025_combined.csv,278_combined.csv,1,0.8191591251186038,3,0
277,3032_combined.csv,3032_combined.csv,0,0.9264872910868125,0,0
278,303_combined.csv,303_combined.csv,0,0.9806635674190013,0,0
279,3046_combined.csv,1463_combined.csv,1,0.8447768954325636,3,0
280,3070_combined.csv,6119_combined.csv,0,0.8541258326201616,0,0
281,3072_combined.csv,3072_combined.csv,2,0.9187077742159632,2,0
282,3082_combined.csv,3082_combined.csv,0,0.9375099024066221,0,0
283,3083_combined.csv,3083_combined.csv,1,0.967559713097755,1,0
284,3092_combined.csv,3092_combined.csv,4,0.9691883102205575,4,0
285,3094_combined.csv,3094_combined.csv,3,0.8981529672305795,3,0
286,30_combined.csv,7959_combined.csv,4,0.8432242021818256,1,0
287,3105_combined.csv,3105_combined.csv,2,0.9182738445507683,2,0
288,3114_combined.csv,3114_combined.csv,2,0.9466385955066264,2,0
289,3118_combined.csv,3118_combined.csv,2,0.9505883527593048,2,0
290,3119_combined.csv,3119_combined.csv,3,0.9478703161364439,3,0
291,3157_combined.csv,3157_combined.csv,3,0.9236839835245487,3,0
292,3171_combined.csv,3171_combined.csv,0,0.8462782890394265,0,0
293,3180_combined.csv,3180_combined.csv,2,0.9780661756905038,2,0
294,3185_combined.csv,3185_combined.csv,0,0.9745511516113533,0,0
295,3187_combined.csv,1987_combined.csv,0,0.7565331406004911,2,0
296,318_combined.csv,6643_combined.csv,1,0.8911156209037998,1,0
297,3215_combined.csv,7665_combined.csv,0,0.7692940855723042,3,0
298,3221_combined.csv,3221_combined.csv,2,0.9249658085139684,2,0
299,3224_combined.csv,3224_combined.csv,4,0.892421955706874,4,0
300,3228_combined.csv,3228_combined.csv,1,0.9620774095537872,1,0
301,3230_combined.csv,3230_combined.csv,0,0.9650472442720534,0,0
302,323_combined.csv,323_combined.csv,4,0.9743716514363338,4,0
303,3258_combined.csv,3258_combined.csv,4,0.9826940578191501,4,0
304,3274_combined.csv,3274_combined.csv,0,0.8420395884361492,0,0
305,3289_combined.csv,1607_combined.csv,0,0.8673452639015795,2,0
306,3294_combined.csv,3294_combined.csv,3,0.8651666513880416,3,0
307,329_combined.csv,329_combined.csv,0,0.9622639668695284,0,0
308,3307_combined.csv,3307_combined.csv,0,0.8237170461945212,0,0
309,3328_combined.csv,3328_combined.csv,0,0.9160825674749153,0,0
310,3330_combined.csv,3330_combined.csv,3,0.9577960636161346,3,0
311,3340_combined.csv,3340_combined.csv,2,0.9389392539820947,2,0
312,3347_combined.csv,3347_combined.csv,1,0.8365020099677212,1,0
313,3357_combined.csv,3357_combined.csv,1,0.9179833523241054,1,0
314,335_combined.csv,335_combined.csv,2,0.8537118598102174,2,0
315,3361_combined.csv,6406_combined.csv,4,0.8935713798570097,4,0
316,3368_combined.csv,3368_combined.csv,0,0.8552967263777682,0,0
317,3370_combined.csv,7867_combined.csv,0,0.8488633491742313,0,0
318,3379_combined.csv,3379_combined.csv,3,0.8912025703156912,3,0
319,337_combined.csv,1463_combined.csv,1,0.8662946298457335,4,0
320,3380_combined.csv,3380_combined.csv,1,0.9136237272764627,1,0
321,3389_combined.csv,3389_combined.csv,0,0.8760179382003456,0,0
322,339_combined.csv,339_combined.csv,3,0.9401449840417692,3,0
323,340_combined.csv,340_combined.csv,0,0.9702209830600702,0,0
324,3446_combined.csv,3446_combined.csv,1,0.9219119044247983,1,0
325,3448_combined.csv,3448_combined.csv,2,0.9552082798737327,2,0
326,345_combined.csv,345_combined.csv,0,0.8268275790108736,0,0
327,3482_combined.csv,3482_combined.csv,4,0.9823605890077242,4,0
328,3483_combined.csv,5672_combined.csv,2,0.7805404877912318,2,0
329,3490_combined.csv,3490_combined.csv,0,0.9688173632864635,0,0
330,3493_combined.csv,5039_combined.csv,4,0.8864558691275345,4,0
331,3513_combined.csv,3513_combined.csv,4,0.8691048278193674,4,0
332,3521_combined.csv,8474_combined.csv,2,0.841074033832815,2,0
333,3537_combined.csv,3537_combined.csv,3,0.9141841182105792,3,0
334,353_combined.csv,353_combined.csv,2,0.9805825853714164,2,0
335,3540_combined.csv,3540_combined.csv,0,0.978647509759697,0,0
336,3546_combined.csv,3546_combined.csv,0,0.9345596920101189,0,0
337,3549_combined.csv,3549_combined.csv,4,0.9517200473433622,4,0
338,3551_combined.csv,3551_combined.csv,4,0.9437026570378482,4,0
339,3584_combined.csv,1851_combined.csv,1,0.8545957341751758,4,0
340,359_combined.csv,359_combined.csv,2,0.830262466373759,2,0
341,3615_combined.csv,1724_combined.csv,3,0.8090387690860213,1,0
342,362_combined.csv,549_combined.csv,4,0.864238585157089,3,0
343,3630_combined.csv,3630_combined.csv,1,0.9406545257788202,1,0
344,3638_combined.csv,3638_combined.csv,4,0.9101507503317195,4,0
345,3645_combined.csv,3645_combined.csv,3,0.857972968235129,3,0
346,3654_combined.csv,3654_combined.csv,2,0.9580250840377239,2,0
347,3686_combined.csv,3686_combined.csv,2,0.8549676050139313,2,0
348,369_combined.csv,369_combined.csv,2,0.9469633019515764,2,0
349,3703_combined.csv,3703_combined.csv,4,0.8917777240174694,4,0
350,3717_combined.csv,4438_combined.csv,2,0.8435589108982089,2,0
351,3728_combined.csv,3728_combined.csv,3,0.938520950137663,3,0
352,3733_combined.csv,3733_combined.csv,4,0.9664679759996669,4,0
353,3738_combined.csv,3738_combined.csv,4,0.8874667434511019,4,0
354,373_combined.csv,373_combined.csv,1,0.9183786774377293,1,0
355,3781_combined.csv,3781_combined.csv,1,0.9609994396521604,1,0
356,3790_combined.csv,1509_combined.csv,4,0.8499022575755306,3,0
357,3792_combined.csv,3792_combined.csv,2,0.9309345559489307,2,0
358,380_combined.csv,380_combined.csv,4,0.9461980861735522,4,0
359,3816_combined.csv,3852_combined.csv,3,0.8656800208205253,1,0
360,3825_combined.csv,3825_combined.csv,2,0.8871167444448068,2,0
361,3835_combined.csv,3835_combined.csv,0,0.9744355856890359,0,0
362,3851_combined.csv,3851_combined.csv,3,0.9675588736622042,3,0
363,3852_combined.csv,3852_combined.csv,3,0.9885617420033074,3,0
364,3864_combined.csv,3864_combined.csv,2,0.95586899334519,2,0
365,3866_combined.csv,3866_combined.csv,2,0.9534153883624101,2,0
366,3869_combined.csv,3869_combined.csv,0,0.949281745995166,0,0
367,3876_combined.csv,3876_combined.csv,4,0.9251569357265738,4,0
368,3889_combined.csv,3889_combined.csv,3,0.8627513453246902,3,0
369,38_combined.csv,38_combined.csv,2,0.9844777215726753,2,0
370,3905_combined.csv,3905_combined.csv,1,0.9658300899236257,1,0
371,3914_combined.csv,7553_combined.csv,0,0.7957693133892946,2,0
372,3922_combined.csv,7868_combined.csv,1,0.8583779647696563,1,0
373,3923_combined.csv,3923_combined.csv,0,0.8089327176463454,0,0
374,3927_combined.csv,3927_combined.csv,2,0.8991601237732852,2,0
375,3945_combined.csv,3945_combined.csv,0,0.9004178283299298,0,0
376,3967_combined.csv,4289_combined.csv,3,0.8204891612336928,3,0
377,3972_combined.csv,3972_combined.csv,3,0.9495078512399212,3,0
378,3977_combined.csv,7553_combined.csv,0,0.8027345292840552,0,0
379,3979_combined.csv,834_combined.csv,4,0.8842544165499648,4,0
380,3989_combined.csv,3989_combined.csv,3,0.8978830046404888,3,0
381,398_combined.csv,7939_combined.csv,0,0.7689635759552857,0,0
382,3994_combined.csv,3994_combined.csv,1,0.8886326236909761,1,0
383,4010_combined.csv,4010_combined.csv,2,0.904326164568385,2,0
384,4013_combined.csv,8855_combined.csv,2,0.8751462785023009,2,0
385,4039_combined.csv,4039_combined.csv,0,0.9522341299923256,0,0
386,4044_combined.csv,4044_combined.csv,1,0.881762339164776,1,0
387,4054_combined.csv,4054_combined.csv,0,0.9625430093251308,0,0
388,4057_combined.csv,4057_combined.csv,4,0.9358134032328118,4,0
389,4064_combined.csv,7967_combined.csv,3,0.8249996536165728,4,0
390,4071_combined.csv,4071_combined.csv,4,0.9078235637597233,4,0
391,408_combined.csv,408_combined.csv,4,0.9558489449442825,4,0
392,4098_combined.csv,4098_combined.csv,1,0.9142407651881428,1,0
393,409_combined.csv,409_combined.csv,2,0.947058813177365,2,0
394,4108_combined.csv,4108_combined.csv,2,0.9274221244317382,2,0
395,4110_combined.csv,4110_combined.csv,0,0.9358063664178414,0,0
396,4111_combined.csv,7802_combined.csv,1,0.7829952936919627,4,0
397,4116_combined.csv,4116_combined.csv,4,0.9633239045358855,4,0
398,4133_combined.csv,4133_combined.csv,2,0.977673341256752,2,0
399,4138_combined.csv,6341_combined.csv,3,0.8353130292850841,1,0
400,4145_combined.csv,5290_combined.csv,4,0.8178485859839232,1,0
401,4148_combined.csv,4148_combined.csv,2,0.9453300782635223,2,0
402,4152_combined.csv,4152_combined.csv,2,0.8944089148291076,2,0
403,4222_combined.csv,4770_combined.csv,3,0.8115356280707645,4,0
404,4226_combined.csv,4226_combined.csv,2,0.956362065791512,2,0
405,4236_combined.csv,4236_combined.csv,0,0.9725711498341583,0,0
406,4238_combined.csv,4238_combined.csv,3,0.9644938730741955,3,0
407,4243_combined.csv,4243_combined.csv,2,0.9087990220896097,2,0
408,4246_combined.csv,2039_combined.csv,0,0.8382538900873906,2,0
409,4257_combined.csv,4257_combined.csv,0,0.9748805264670948,0,0
410,4260_combined.csv,4260_combined.csv,3,0.9251500268606704,3,0
411,4278_combined.csv,4278_combined.csv,0,0.9153245524607668,0,0
412,4289_combined.csv,4289_combined.csv,3,0.8966440994825485,3,0
413,4290_combined.csv,4290_combined.csv,2,0.900768836391558,2,0
414,4331_combined.csv,4331_combined.csv,3,0.874485458709648,3,0
415,4335_combined.csv,4335_combined.csv,2,0.783607137241597,2,0
416,434_combined.csv,434_combined.csv,4,0.8939472380331231,4,0
417,4356_combined.csv,4356_combined.csv,1,0.9077561729269186,1,0
418,4358_combined.csv,2499_combined.csv,2,0.742846237634078,2,0
419,4363_combined.csv,1460_combined.csv,4,0.9182977328497822,4,0
420,4381_combined.csv,4381_combined.csv,3,0.9624820782753111,3,0
421,439_combined.csv,439_combined.csv,2,0.8951865211697808,2,0
422,4425_combined.csv,4425_combined.csv,2,0.959576635657515,2,0
423,4427_combined.csv,4427_combined.csv,3,0.8524453645953584,3,0
424,4433_combined.csv,4433_combined.csv,4,0.9865960547846531,4,0
425,4434_combined.csv,4434_combined.csv,3,0.9403777546451964,3,0
426,4438_combined.csv,4438_combined.csv,2,0.9653767554672051,2,0
427,4490_combined.csv,4490_combined.csv,4,0.9553184274707996,4,0
428,4495_combined.csv,4495_combined.csv,2,0.9291117423061674,2,0
429,4519_combined.csv,4519_combined.csv,3,0.9473546662177175,3,0
430,451_combined.csv,451_combined.csv,4,0.8988086831785934,4,0
431,4535_combined.csv,4535_combined.csv,0,0.9521013227419045,0,0
432,454_combined.csv,454_combined.csv,0,0.9497223579104511,0,0
433,4586_combined.csv,4586_combined.csv,0,0.8714973508524917,0,0
434,4590_combined.csv,1349_combined.csv,0,0.8449823900012592,0,0
435,4592_combined.csv,4592_combined.csv,4,0.9309540531355728,4,0
436,4595_combined.csv,4595_combined.csv,0,0.9319163451142369,0,0
437,4598_combined.csv,4598_combined.csv,3,0.9338838729010035,3,0
438,459_combined.csv,459_combined.csv,0,0.9468478325032982,0,0
439,4629_combined.csv,4629_combined.csv,2,0.9381930894920303,2,0
440,464_combined.csv,464_combined.csv,0,0.9546644994593808,0,0
441,4681_combined.csv,4681_combined.csv,2,0.9591790617216761,2,0
442,4719_combined.csv,4719_combined.csv,2,0.9360300504404536,2,0
443,472_combined.csv,472_combined.csv,4,0.6559109372408695,4,0
444,4731_combined.csv,7910_combined.csv,1,0.7948573734567251,4,0
445,4733_combined.csv,4733_combined.csv,2,0.9656319380144587,2,0
446,4734_combined.csv,4734_combined.csv,2,0.9387587760588881,2,0
447,4744_combined.csv,4744_combined.csv,3,0.8870170032435347,3,0
448,475_combined.csv,475_combined.csv,0,0.8690537122601818,0,0
449,476_combined.csv,476_combined.csv,2,0.9406882090730478,2,0
450,4770_combined.csv,4770_combined.csv,3,0.8594245853861752,3,0
451,479_combined.csv,1974_combined.csv,4,0.8425856700852762,4,0
452,4800_combined.csv,4800_combined.csv,4,0.8710315390611534,4,0
453,4806_combined.csv,8498_combined.csv,2,0.7954353602732376,0,0
454,4807_combined.csv,4807_combined.csv,1,0.9210798057858024,1,0
455,480_combined.csv,5513_combined.csv,0,0.8270787676428952,2,0
456,4837_combined.csv,4837_combined.csv,3,0.9447833437943467,3,0
457,4839_combined.csv,4839_combined.csv,1,0.8913876878943408,1,0
458,4846_combined.csv,1779_combined.csv,1,0.7527610643483745,3,0
459,4848_combined.csv,4848_combined.csv,2,0.8506857577141979,2,0
460,4854_combined.csv,4854_combined.csv,0,0.9535496950933599,0,0
461,4856_combined.csv,4856_combined.csv,2,0.925526676032881,2,0
462,4860_combined.csv,4860_combined.csv,2,0.9401486469557958,2,0
463,487_combined.csv,487_combined.csv,0,0.9284776100988053,0,0
464,4899_combined.csv,4899_combined.csv,1,0.9595342557121616,1,0
465,4926_combined.csv,4926_combined.csv,1,0.9652044094602162,1,0
466,492_combined.csv,492_combined.csv,0,0.9547038429559108,0,0
467,4945_combined.csv,4945_combined.csv,2,0.9104400689323138,2,0
468,4957_combined.csv,4957_combined.csv,1,0.9114310756741395,1,0
469,4967_combined.csv,4967_combined.csv,3,0.9559345451102754,3,0
470,4973_combined.csv,4973_combined.csv,0,0.8376104966463795,0,0
471,497_combined.csv,497_combined.csv,2,0.8394242541856779,2,0
472,5002_combined.csv,5002_combined.csv,2,0.9463178661304099,2,0
473,5007_combined.csv,5007_combined.csv,3,0.9815910402142191,3,0
474,500_combined.csv,500_combined.csv,0,0.9629226324294657,0,0
475,5012_combined.csv,5012_combined.csv,1,0.9042741117599202,1,0
476,501_combined.csv,501_combined.csv,0,0.9546075301563947,0,0
477,5029_combined.csv,5029_combined.csv,4,0.889797648109987,4,0
478,5039_combined.csv,5039_combined.csv,4,0.9244592258327899,4,0
479,5054_combined.csv,5054_combined.csv,3,0.9318217243109068,3,0
480,5062_combined.csv,4598_combined.csv,3,0.7971224319703657,1,0
481,5063_combined.csv,5063_combined.csv,3,0.9823631817866688,3,0
482,5092_combined.csv,4054_combined.csv,0,0.8115404265061752,2,0
483,5093_combined.csv,5093_combined.csv,3,0.8687992984511959,3,0
484,510_combined.csv,510_combined.csv,2,0.9464104486551016,2,0
485,5115_combined.csv,5115_combined.csv,4,0.9262362773115994,4,0
486,511_combined.csv,511_combined.csv,2,0.9655102625817087,2,0
487,5123_combined.csv,5123_combined.csv,0,0.907570348410257,0,0
488,5126_combined.csv,5126_combined.csv,0,0.9358556271216836,0,0
489,512_combined.csv,512_combined.csv,2,0.9496702147058012,2,0
490,5133_combined.csv,5133_combined.csv,4,0.8429339202000597,4,0
491,5139_combined.csv,5876_combined.csv,3,0.8130961492003632,3,0
492,5147_combined.csv,5147_combined.csv,2,0.9406766849887418,2,0
493,5154_combined.csv,5154_combined.csv,4,0.9288823079518279,4,0
494,5157_combined.csv,5157_combined.csv,0,0.9469451874124217,0,0
495,5186_combined.csv,5186_combined.csv,0,0.8999271730990921,0,0
496,5189_combined.csv,5189_combined.csv,2,0.8754615439940089,2,0
497,5190_combined.csv,6981_combined.csv,2,0.8173354356442329,0,0
498,5206_combined.csv,5206_combined.csv,2,0.9685110917889979,2,0
499,5239_combined.csv,707_combined.csv,2,0.8570204737043666,2,0
500,5242_combined.csv,5242_combined.csv,2,0.9447322631834598,2,0
501,5246_combined.csv,1226_combined.csv,2,0.8155510818443141,0,0
502,525_combined.csv,525_combined.csv,4,0.8913265266735702,4,0
503,5261_combined.csv,5261_combined.csv,0,0.9498261185428282,0,0
504,5266_combined.csv,5266_combined.csv,1,0.8711278272114794,1,0
505,5290_combined.csv,5290_combined.csv,4,0.9008966582374011,4,0
506,5293_combined.csv,5293_combined.csv,0,0.8661482500151623,0,0
507,5304_combined.csv,7169_combined.csv,0,0.7955873682539711,2,0
508,5319_combined.csv,4945_combined.csv,2,0.8479213815222753,2,0
509,5333_combined.csv,5333_combined.csv,0,0.7933309915784384,0,0
510,5337_combined.csv,5337_combined.csv,1,0.9543711612498121,1,0
511,534_combined.csv,534_combined.csv,3,0.9295488688404653,3,0
512,5386_combined.csv,5386_combined.csv,2,0.9387870038269728,2,0
513,5389_combined.csv,5389_combined.csv,2,0.902500368647508,2,0
514,5400_combined.csv,7145_combined.csv,1,0.8217882864096375,3,0
515,5401_combined.csv,8176_combined.csv,0,0.8107959536559346,2,0
516,543_combined.csv,543_combined.csv,2,0.8949570066447384,2,0
517,5448_combined.csv,5448_combined.csv,2,0.8753900324620139,2,0
518,5489_combined.csv,5489_combined.csv,3,0.9413107907443975,3,0
519,548_combined.csv,548_combined.csv,2,0.9111107588766787,2,0
520,549_combined.csv,549_combined.csv,4,0.9825524692294128,4,0
521,54_combined.csv,54_combined.csv,4,0.9707049071615441,4,0
522,5513_combined.csv,5513_combined.csv,0,0.8426571230084785,0,0
523,5519_combined.csv,5519_combined.csv,2,0.8603984328808405,2,0
524,5538_combined.csv,5538_combined.csv,3,0.9344121364566523,3,0
525,5570_combined.csv,5570_combined.csv,1,0.9508975854480505,1,0
526,5583_combined.csv,5583_combined.csv,4,0.9589196291670092,4,0
527,5588_combined.csv,5588_combined.csv,4,0.9261946934772802,4,0
528,559_combined.csv,7949_combined.csv,0,0.7965666956057041,2,0
529,55_combined.csv,55_combined.csv,2,0.9649665385588971,2,0
530,5604_combined.csv,7910_combined.csv,1,0.8258277235485658,3,0
531,5606_combined.csv,2577_combined.csv,1,0.8493086938976493,1,0
532,5618_combined.csv,5618_combined.csv,3,0.9435961304781829,3,0
533,561_combined.csv,561_combined.csv,0,0.9478641734371656,0,0
534,5622_combined.csv,5622_combined.csv,4,0.9498406062445893,4,0
535,5635_combined.csv,5635_combined.csv,0,0.9056408718159014,0,0
536,5637_combined.csv,5637_combined.csv,0,0.9396545926178932,0,0
537,5655_combined.csv,5655_combined.csv,4,0.9628016019559802,4,0
538,5656_combined.csv,5656_combined.csv,2,0.9742963359596427,2,0
539,5660_combined.csv,5660_combined.csv,1,0.9460612690416278,1,0
540,5672_combined.csv,8006_combined.csv,2,0.8662558988278839,2,0
541,5684_combined.csv,5684_combined.csv,1,0.8610535092102958,1,0
542,56_combined.csv,56_combined.csv,4,0.9473872387814204,4,0
543,5712_combined.csv,5712_combined.csv,4,0.9779098823625524,4,0
544,5717_combined.csv,5717_combined.csv,0,0.9547301333099265,0,0
545,5723_combined.csv,2010_combined.csv,3,0.8226722600468358,4,0
546,5724_combined.csv,5724_combined.csv,4,0.9916215005314943,4,0
547,5727_combined.csv,5727_combined.csv,0,0.950236620079708,0,0
548,5731_combined.csv,5731_combined.csv,4,0.958293977942078,4,0
549,5740_combined.csv,5740_combined.csv,3,0.8919041584817892,3,0
550,5746_combined.csv,5746_combined.csv,0,0.9057152764804016,0,0
551,5767_combined.csv,5767_combined.csv,0,0.864608367892713,0,0
552,576_combined.csv,576_combined.csv,4,0.9308794473713762,4,0
553,5776_combined.csv,5776_combined.csv,0,0.9527658369949791,0,0
554,5802_combined.csv,5717_combined.csv,0,0.8536242539242449,0,0
555,5809_combined.csv,7395_combined.csv,3,0.772889575226863,1,0
556,580_combined.csv,204_combined.csv,0,0.8172564249989065,2,0
557,5810_combined.csv,5810_combined.csv,0,0.9332431109688496,0,0
558,581_combined.csv,4719_combined.csv,2,0.7293945521757442,0,0
559,583_combined.csv,583_combined.csv,2,0.9596566921346726,2,0
560,5868_combined.csv,1160_combined.csv,0,0.7991940607184209,0,0
561,5876_combined.csv,1335_combined.csv,1,0.8896572691145643,3,0
562,5883_combined.csv,5883_combined.csv,0,0.9546841311399605,0,0
563,589_combined.csv,589_combined.csv,1,0.8646874727363774,1,0
564,5909_combined.csv,5909_combined.csv,2,0.959156909693792,2,0
565,5914_combined.csv,5914_combined.csv,2,0.9428737104279996,2,0
566,5918_combined.csv,5802_combined.csv,0,0.8503378734743017,2,0
567,5935_combined.csv,5935_combined.csv,2,0.9772738150088691,2,0
568,593_combined.csv,593_combined.csv,0,0.9722139242951517,0,0
569,5940_combined.csv,1058_combined.csv,2,0.8312907227206965,2,0
570,594_combined.csv,594_combined.csv,0,0.9072782036764273,0,0
571,5968_combined.csv,7967_combined.csv,3,0.8315920594045692,3,0
572,596_combined.csv,596_combined.csv,3,0.8763558600639575,3,0
573,5975_combined.csv,5975_combined.csv,2,0.9494470856614646,2,0
574,597_combined.csv,597_combined.csv,1,0.9743937198072794,1,0
575,5984_combined.csv,5984_combined.csv,3,0.9540959707545856,3,0
576,5985_combined.csv,5985_combined.csv,2,0.8487828790131301,2,0
577,598_combined.csv,598_combined.csv,4,0.9695586209184089,4,0
578,6006_combined.csv,6006_combined.csv,1,0.9596566422702317,1,0
579,6014_combined.csv,3008_combined.csv,3,0.831178734695812,3,0
580,6032_combined.csv,3967_combined.csv,3,0.7991438524304741,3,0
581,6037_combined.csv,6037_combined.csv,2,0.9841604522308017,2,0
582,6038_combined.csv,6038_combined.csv,3,0.9478601104219406,3,0
583,6054_combined.csv,5984_combined.csv,3,0.8366183182326469,1,0
584,6060_combined.csv,6060_combined.csv,2,0.87232529746745,2,0
585,606_combined.csv,606_combined.csv,2,0.9239771545579185,2,0
586,6075_combined.csv,6075_combined.csv,2,0.9601983335786838,2,0
587,6080_combined.csv,5918_combined.csv,2,0.8425380156719813,2,0
588,6082_combined.csv,6082_combined.csv,3,0.9467596847895237,3,0
589,6098_combined.csv,4148_combined.csv,2,0.8194497226988752,2,0
590,6099_combined.csv,6099_combined.csv,1,0.8927073904741134,1,0
591,6104_combined.csv,6104_combined.csv,4,0.9351144817532423,4,0
592,6115_combined.csv,6115_combined.csv,0,0.8709466036155192,0,0
593,6119_combined.csv,6119_combined.csv,0,0.9479418549839249,0,0
594,6120_combined.csv,7335_combined.csv,3,0.8166800558227454,3,0
595,612_combined.csv,968_combined.csv,1,0.7970629756463745,3,0
596,6139_combined.csv,6139_combined.csv,3,0.9639164660264017,3,0
597,6157_combined.csv,6157_combined.csv,0,0.9708403358182579,0,0
598,6160_combined.csv,8388_combined.csv,1,0.8210303350206825,3,0
599,6167_combined.csv,6167_combined.csv,1,0.9385912226628429,1,0
600,6188_combined.csv,6188_combined.csv,3,0.9055488062665156,3,0
601,6189_combined.csv,6189_combined.csv,3,0.9637350596195904,3,0
602,6206_combined.csv,6206_combined.csv,1,0.9411660141700017,1,0
603,6215_combined.csv,6215_combined.csv,3,0.8433101970087427,3,0
604,6233_combined.csv,6233_combined.csv,3,0.963855777238539,3,0
605,6235_combined.csv,6235_combined.csv,1,0.9453948980860571,1,0
606,6258_combined.csv,6258_combined.csv,0,0.9707578252470849,0,0
607,6269_combined.csv,6269_combined.csv,2,0.9146493742119879,2,0
608,6286_combined.csv,6286_combined.csv,3,0.9402996233306637,3,0
609,6288_combined.csv,6288_combined.csv,3,0.9437154086940275,3,0
610,6294_combined.csv,6294_combined.csv,2,0.9099856080490119,2,0
611,6300_combined.csv,6300_combined.csv,3,0.9618184082447132,3,0
612,6308_combined.csv,6308_combined.csv,4,0.9511680417978261,4,0
613,6317_combined.csv,6317_combined.csv,1,0.9018779722357435,1,0
614,6330_combined.csv,2992_combined.csv,2,0.8560449428406689,2,0
615,6339_combined.csv,6339_combined.csv,4,0.938785635381944,4,0
616,6341_combined.csv,6341_combined.csv,3,0.9598469104180006,3,0
617,6352_combined.csv,6352_combined.csv,3,0.9394132731708467,3,0
618,6359_combined.csv,6359_combined.csv,3,0.9403862036589493,3,0
619,636_combined.csv,636_combined.csv,3,0.8625419187405265,3,0
620,6371_combined.csv,6371_combined.csv,1,0.9265517577980065,1,0
621,6373_combined.csv,6373_combined.csv,3,0.9608231327534363,3,0
622,6378_combined.csv,6378_combined.csv,3,0.9746244756087071,3,0
623,637_combined.csv,637_combined.csv,2,0.9421305353425359,2,0
624,6388_combined.csv,288_combined.csv,0,0.8063971558208215,3,0
625,6395_combined.csv,6395_combined.csv,0,0.938602617250599,0,0
626,639_combined.csv,639_combined.csv,0,0.9130853643446836,0,0
627,6406_combined.csv,6406_combined.csv,4,0.9446222463035029,4,0
628,6426_combined.csv,6426_combined.csv,3,0.8909758060245327,3,0
629,6446_combined.csv,6575_combined.csv,0,0.8002294131298445,2,0
630,6458_combined.csv,6458_combined.csv,2,0.9598636082934852,2,0
631,6492_combined.csv,6492_combined.csv,2,0.911429977925499,2,0
632,6494_combined.csv,6494_combined.csv,0,0.9813183317514335,0,0
633,6497_combined.csv,6497_combined.csv,0,0.9634567408038947,0,0
634,6499_combined.csv,6446_combined.csv,2,0.8500873620809304,0,0
635,64_combined.csv,64_combined.csv,4,0.9056489643284901,4,0
636,6505_combined.csv,6505_combined.csv,1,0.8947143971039531,1,0
637,6509_combined.csv,6509_combined.csv,1,0.8434708445076233,1,0
638,6510_combined.csv,6510_combined.csv,0,0.9361726322940697,0,0
639,6518_combined.csv,882_combined.csv,1,0.8184771335220672,1,0
640,6519_combined.csv,6519_combined.csv,3,0.9335737369487653,3,0
641,6538_combined.csv,1903_combined.csv,2,0.817214821898017,0,0
642,6544_combined.csv,6544_combined.csv,1,0.8820853564883269,1,0
643,6550_combined.csv,6258_combined.csv,0,0.7878816902655819,0,0
644,6553_combined.csv,6553_combined.csv,0,0.808343763372284,0,0
645,6555_combined.csv,6555_combined.csv,0,0.9478416495491659,0,0
646,6567_combined.csv,1649_combined.csv,1,0.8246852135708167,3,0
647,6574_combined.csv,6574_combined.csv,2,0.8808852848472074,2,0
648,6575_combined.csv,2960_combined.csv,0,0.7901691875232809,0,0
649,6620_combined.csv,6620_combined.csv,1,0.9675528852798599,1,0
650,6637_combined.csv,6637_combined.csv,3,0.8683207851935649,3,0
651,663_combined.csv,663_combined.csv,2,0.8841661430816347,2,0
652,6643_combined.csv,114_combined.csv,1,0.9015084870090904,1,0
653,664_combined.csv,1052_combined.csv,1,0.8108698324897334,3,0
654,666_combined.csv,666_combined.csv,3,0.9588821541550921,3,0
655,6673_combined.csv,6673_combined.csv,3,0.9731043260116023,3,0
656,667_combined.csv,667_combined.csv,3,0.9568375605292102,3,0
657,6683_combined.csv,6683_combined.csv,3,0.9356456539942495,3,0
658,6686_combined.csv,6686_combined.csv,3,0.9581536797450532,3,0
659,6690_combined.csv,6690_combined.csv,2,0.9689272740752276,2,0
660,6694_combined.csv,6694_combined.csv,2,0.8869677995590302,2,0
661,6696_combined.csv,6696_combined.csv,1,0.9043597869073431,1,0
662,6701_combined.csv,6701_combined.csv,2,0.9180251344383118,2,0
663,671_combined.csv,671_combined.csv,0,0.807295450020614,0,0
664,6727_combined.csv,6727_combined.csv,2,0.9495405265910318,2,0
665,6763_combined.csv,6763_combined.csv,3,0.9712043356944057,3,0
666,6782_combined.csv,6782_combined.csv,4,0.9726826764477409,4,0
667,6788_combined.csv,6788_combined.csv,4,0.9732163165310765,4,0
668,6828_combined.csv,6828_combined.csv,3,0.9381336647839407,3,0
669,6865_combined.csv,6865_combined.csv,4,0.9754238776216209,4,0
670,6877_combined.csv,6877_combined.csv,0,0.9058544938892622,0,0
671,688_combined.csv,688_combined.csv,3,0.8903820089306639,3,0
672,6895_combined.csv,1348_combined.csv,1,0.8714173857698571,3,0
673,6904_combined.csv,7515_combined.csv,3,0.8150269041096949,3,0
674,6918_combined.csv,6918_combined.csv,3,0.969422793427002,3,0
675,6924_combined.csv,79_combined.csv,1,0.8296880695977046,4,0
676,6927_combined.csv,6927_combined.csv,1,0.9374909782648514,1,0
677,6937_combined.csv,6937_combined.csv,3,0.9532274777217643,3,0
678,6956_combined.csv,6956_combined.csv,0,0.8576001329012615,0,0
679,6965_combined.csv,6965_combined.csv,0,0.948383778088464,0,0
680,6981_combined.csv,806_combined.csv,0,0.814294156149415,2,0
681,698_combined.csv,2348_combined.csv,4,0.8093203428394029,1,0
682,6993_combined.csv,6993_combined.csv,2,0.8343730475321999,2,0
683,699_combined.csv,699_combined.csv,3,0.8727724258103395,3,0
684,7000_combined.csv,6575_combined.csv,0,0.8262888630230396,2,0
685,7011_combined.csv,7011_combined.csv,0,0.9527068901925612,0,0
686,7030_combined.csv,7030_combined.csv,0,0.9592151548903067,0,0
687,7051_combined.csv,7051_combined.csv,2,0.9793139658717774,2,0
688,7061_combined.csv,7061_combined.csv,2,0.8576756085790783,2,0
689,7069_combined.csv,7069_combined.csv,2,0.9440896594609092,2,0
690,707_combined.csv,707_combined.csv,2,0.9360802707367434,2,0
691,7085_combined.csv,7085_combined.csv,3,0.8997671853687523,3,0
692,708_combined.csv,708_combined.csv,0,0.8971886405899971,0,0
693,7090_combined.csv,7090_combined.csv,2,0.972447749272902,2,0
694,7095_combined.csv,7095_combined.csv,2,0.9644615064881046,2,0
695,70_combined.csv,70_combined.csv,0,0.8739777819102493,0,0
696,7117_combined.csv,7117_combined.csv,0,0.9430906857676523,0,0
697,711_combined.csv,711_combined.csv,2,0.9207404275970043,2,0
698,7120_combined.csv,4519_combined.csv,3,0.8134441428335255,3,0
699,7126_combined.csv,7126_combined.csv,2,0.8795671713187504,2,0
700,7128_combined.csv,7128_combined.csv,2,0.9174013270319878,2,0
701,7134_combined.csv,7134_combined.csv,0,0.9480025074314921,0,0
702,7139_combined.csv,7139_combined.csv,2,0.8681156492954565,2,0
703,7140_combined.csv,7140_combined.csv,3,0.9093526305679792,3,0
704,7145_combined.csv,7145_combined.csv,1,0.9738894591047824,1,0
705,7169_combined.csv,7169_combined.csv,0,0.954037960326467,0,0
706,716_combined.csv,716_combined.csv,0,0.9411725228359707,0,0
707,7188_combined.csv,6499_combined.csv,0,0.8368251380236303,0,0
708,718_combined.csv,718_combined.csv,2,0.9682874927798003,2,0
709,7229_combined.csv,7229_combined.csv,3,0.9515923781459573,3,0
710,7240_combined.csv,7240_combined.csv,3,0.9721758536713228,3,0
711,7241_combined.csv,7241_combined.csv,2,0.8468172957123459,2,0
712,7245_combined.csv,7245_combined.csv,1,0.9282798081868437,1,0
713,7247_combined.csv,7247_combined.csv,0,0.8710459508714736,0,0
714,724_combined.csv,724_combined.csv,2,0.9628451352658997,2,0
715,7258_combined.csv,7258_combined.csv,2,0.9741563622785551,2,0
716,7276_combined.csv,7276_combined.csv,1,0.923219879868672,1,0
717,7285_combined.csv,4926_combined.csv,1,0.897139186573285,1,0
718,7286_combined.csv,1054_combined.csv,1,0.812538211981263,3,0
719,7294_combined.csv,7294_combined.csv,1,0.9295906307363266,1,0
720,7297_combined.csv,8573_combined.csv,1,0.7689179393954026,4,0
721,7313_combined.csv,7313_combined.csv,2,0.9726762133440818,2,0
722,7314_combined.csv,7314_combined.csv,0,0.9487019216121512,0,0
723,7316_combined.csv,7316_combined.csv,3,0.972672895555776,3,0
724,7318_combined.csv,7318_combined.csv,3,0.8710150356811136,3,0
725,731_combined.csv,731_combined.csv,3,0.9054857851022234,3,0
726,7335_combined.csv,7335_combined.csv,3,0.9722075476267699,3,0
727,7339_combined.csv,7339_combined.csv,2,0.9250226327366217,2,0
728,7342_combined.csv,7342_combined.csv,3,0.9316619211718951,3,0
729,7383_combined.csv,7383_combined.csv,3,0.9616546375117196,3,0
730,7384_combined.csv,7384_combined.csv,3,0.968876925395627,3,0
731,7395_combined.csv,7395_combined.csv,3,0.8860055532891633,3,0
732,7398_combined.csv,7398_combined.csv,1,0.9330545532119607,1,0
733,7416_combined.csv,1093_combined.csv,1,0.8690526298238609,3,0
734,7434_combined.csv,7434_combined.csv,1,0.8914004554032203,1,0
735,7437_combined.csv,8474_combined.csv,2,0.7937036907905396,0,0
736,7445_combined.csv,7445_combined.csv,1,0.96256655870934,1,0
737,7460_combined.csv,7460_combined.csv,2,0.9620980872940617,2,0
738,7475_combined.csv,7949_combined.csv,0,0.8537525260790192,2,0
739,7478_combined.csv,7478_combined.csv,0,0.9511614533481947,0,0
740,7481_combined.csv,7481_combined.csv,4,0.9858641050269902,4,0
741,7484_combined.csv,7484_combined.csv,0,0.9538286677861273,0,0
742,7495_combined.csv,8194_combined.csv,1,0.8248720025200792,4,0
743,7498_combined.csv,7498_combined.csv,4,0.9682317835390933,4,0
744,7515_combined.csv,5618_combined.csv,3,0.8406126437513934,3,0
745,7518_combined.csv,3070_combined.csv,0,0.8417699923716341,2,0
746,7520_combined.csv,7520_combined.csv,2,0.9261298138641717,2,0
747,7525_combined.csv,7525_combined.csv,1,0.9505314003587217,1,0
748,7538_combined.csv,7538_combined.csv,0,0.9291832460996676,0,0
749,7540_combined.csv,7258_combined.csv,2,0.8683669892357081,2,0
750,7553_combined.csv,7553_combined.csv,0,0.9227258747031237,0,0
751,7555_combined.csv,979_combined.csv,1,0.8748237610874277,4,0
752,7558_combined.csv,7558_combined.csv,0,0.9890563781203275,0,0
753,7569_combined.csv,7569_combined.csv,2,0.9727731739951418,2,0
754,7594_combined.csv,7594_combined.csv,3,0.9317093536899224,3,0
755,7647_combined.csv,7647_combined.csv,0,0.9754937064799764,0,0
756,764_combined.csv,764_combined.csv,0,0.9293329157912519,0,0
757,7657_combined.csv,7657_combined.csv,1,0.9746505229770248,1,0
758,7665_combined.csv,7665_combined.csv,0,0.9255598760854211,0,0
759,7688_combined.csv,7688_combined.csv,2,0.8690392259417882,2,0
760,7704_combined.csv,7704_combined.csv,2,0.9505035610483867,2,0
761,7705_combined.csv,7705_combined.csv,2,0.95152376364797,2,0
762,770_combined.csv,770_combined.csv,0,0.8948645952631169,0,0
763,7717_combined.csv,8300_combined.csv,3,0.8122285438179349,3,0
764,7720_combined.csv,7720_combined.csv,2,0.9529640268387868,2,0
765,7730_combined.csv,7752_combined.csv,1,0.8425035628176364,1,0
766,7732_combined.csv,7732_combined.csv,0,0.9889846590201925,0,0
767,7733_combined.csv,7733_combined.csv,1,0.9442650084804226,1,0
768,7739_combined.csv,7739_combined.csv,1,0.9067210879585567,1,0
769,7752_combined.csv,7752_combined.csv,1,0.9476386275754681,1,0
770,7754_combined.csv,7754_combined.csv,3,0.9205405687935467,3,0
771,7766_combined.csv,7766_combined.csv,1,0.9462385912491007,1,0
772,7777_combined.csv,7777_combined.csv,2,0.9664368885482549,2,0
773,7783_combined.csv,7783_combined.csv,3,0.9407706420673121,3,0
774,7789_combined.csv,4145_combined.csv,1,0.816467726453842,4,0
775,7802_combined.csv,7802_combined.csv,1,0.9444454446742827,1,0
776,7809_combined.csv,7809_combined.csv,0,0.9675636208016108,0,0
777,7816_combined.csv,7816_combined.csv,1,0.9232588533537375,1,0
778,781_combined.csv,6510_combined.csv,0,0.7644472476808473,0,0
779,7825_combined.csv,7825_combined.csv,2,0.9328802034900313,2,0
780,7828_combined.csv,7828_combined.csv,2,0.9811869818602189,2,0
781,7832_combined.csv,7832_combined.csv,0,0.9360168467081847,0,0
782,7833_combined.csv,7833_combined.csv,0,0.8749023009995905,0,0
783,7837_combined.csv,7837_combined.csv,2,0.8608600455839792,2,0
784,783_combined.csv,783_combined.csv,3,0.9091963126110276,3,0
785,7867_combined.csv,7867_combined.csv,0,0.885732861571494,0,0
786,7868_combined.csv,7752_combined.csv,1,0.8525778669998256,1,0
787,7874_combined.csv,7874_combined.csv,0,0.9470027125356284,0,0
788,7881_combined.csv,7881_combined.csv,0,0.9293633274190655,0,0
789,7909_combined.csv,7909_combined.csv,2,0.9738142764407716,2,0
790,7910_combined.csv,4098_combined.csv,1,0.8593283413784734,1,0
791,7926_combined.csv,7926_combined.csv,2,0.9326358262394273,2,0
792,7932_combined.csv,7932_combined.csv,4,0.966650597793735,4,0
793,7933_combined.csv,7933_combined.csv,3,0.9354279214695619,3,0
794,7938_combined.csv,7938_combined.csv,2,0.8871422393957867,2,0
795,7939_combined.csv,7939_combined.csv,0,0.9573220911744514,0,0
796,7945_combined.csv,7945_combined.csv,3,0.968842305134289,3,0
797,7949_combined.csv,7949_combined.csv,0,0.9828697010440732,0,0
798,7956_combined.csv,7956_combined.csv,2,0.9711502095494913,2,0
799,7957_combined.csv,1222_combined.csv,0,0.7686074630583613,2,0
800,7959_combined.csv,7959_combined.csv,4,0.95626572034945,4,0
801,7962_combined.csv,7962_combined.csv,1,0.9757288793957498,1,0
802,7967_combined.csv,3357_combined.csv,1,0.8341770162192735,3,0
803,7981_combined.csv,7981_combined.csv,2,0.854914970937393,2,0
804,7982_combined.csv,7276_combined.csv,1,0.8683718508565492,3,0
805,7991_combined.csv,7991_combined.csv,0,0.9445005444626424,0,0
806,7994_combined.csv,7994_combined.csv,3,0.9074281802925943,3,0
807,7995_combined.csv,7995_combined.csv,3,0.8901160498085272,3,0
808,79_combined.csv,79_combined.csv,1,0.9701729810320919,1,0
809,8006_combined.csv,8006_combined.csv,2,0.9760604593869999,2,0
810,8008_combined.csv,5883_combined.csv,0,0.8511595000786493,0,0
811,8011_combined.csv,8011_combined.csv,2,0.9273973930357232,2,0
812,8028_combined.csv,1028_combined.csv,0,0.8864425969017922,2,0
813,803_combined.csv,803_combined.csv,0,0.8974394604425914,0,0
814,8050_combined.csv,8050_combined.csv,2,0.976323751111199,2,0
815,8057_combined.csv,8057_combined.csv,3,0.9739893262997685,3,0
816,8066_combined.csv,8066_combined.csv,2,0.8544187731012766,2,0
817,806_combined.csv,806_combined.csv,0,0.9675528054921726,0,0
818,8075_combined.csv,5538_combined.csv,3,0.794725901429352,1,0
819,8080_combined.csv,8080_combined.csv,1,0.9365638575424167,1,0
820,8097_combined.csv,8097_combined.csv,3,0.8831153951054888,3,0
821,8113_combined.csv,7816_combined.csv,1,0.7691062326482176,3,0
822,8118_combined.csv,8118_combined.csv,4,0.9246808386600641,4,0
823,8119_combined.csv,8119_combined.csv,2,0.9501155765982441,2,0
824,8138_combined.csv,8138_combined.csv,0,0.9354608082848975,0,0
825,8142_combined.csv,8142_combined.csv,0,0.8852029869696381,0,0
826,8152_combined.csv,8152_combined.csv,2,0.9330798173175141,2,0
827,815_combined.csv,815_combined.csv,2,0.9288548380179934,2,0
828,8163_combined.csv,8163_combined.csv,3,0.9009191369050563,3,0
829,816_combined.csv,7460_combined.csv,2,0.8616590938481125,2,0
830,8176_combined.csv,8176_combined.csv,0,0.9664240548489048,0,0
831,8183_combined.csv,4289_combined.csv,3,0.7924946805513233,4,0
832,8190_combined.csv,2010_combined.csv,3,0.8416573885294302,3,0
833,8193_combined.csv,8193_combined.csv,3,0.9682003001069949,3,0
834,8194_combined.csv,8194_combined.csv,1,0.958071321905457,1,0
835,8195_combined.csv,8195_combined.csv,0,0.9799373778293976,0,0
836,81_combined.csv,81_combined.csv,0,0.9487136665886184,0,0
837,820_combined.csv,820_combined.csv,0,0.9225845454011394,0,0
838,8222_combined.csv,8222_combined.csv,2,0.9560689447986419,2,0
839,8225_combined.csv,3914_combined.csv,2,0.7912425436085153,0,0
840,8228_combined.csv,8228_combined.csv,1,0.9546237484210659,1,0
841,8266_combined.csv,8266_combined.csv,2,0.9283300170248061,2,0
842,829_combined.csv,829_combined.csv,4,0.9377873367066899,4,0
843,8300_combined.csv,8300_combined.csv,3,0.9641202868881245,3,0
844,830_combined.csv,830_combined.csv,4,0.9674232239838764,4,0
845,8329_combined.csv,8329_combined.csv,3,0.9846680489142442,3,0
846,8347_combined.csv,8347_combined.csv,0,0.904905129841091,0,0
847,834_combined.csv,834_combined.csv,4,0.9658615325136646,4,0
848,835_combined.csv,835_combined.csv,2,0.9662393291736519,2,0
849,836_combined.csv,836_combined.csv,0,0.918782115052659,0,0
850,8388_combined.csv,126_combined.csv,3,0.8382211852787804,1,0
851,8396_combined.csv,8396_combined.csv,0,0.8361857439291555,0,0
852,8401_combined.csv,8401_combined.csv,2,0.9523494104823429,2,0
853,8404_combined.csv,4116_combined.csv,4,0.7728979230769283,3,0
854,8410_combined.csv,7495_combined.csv,4,0.8484235000151161,1,0
855,8421_combined.csv,8421_combined.csv,1,0.9670003577513516,1,0
856,8459_combined.csv,8459_combined.csv,0,0.8625402482775503,0,0
857,8464_combined.csv,1349_combined.csv,0,0.8379822956721424,2,0
858,8474_combined.csv,2960_combined.csv,0,0.8377854821636085,2,0
859,8479_combined.csv,8479_combined.csv,0,0.9746507787934181,0,0
860,8490_combined.csv,8490_combined.csv,0,0.9020146772265075,0,0
861,8494_combined.csv,8494_combined.csv,2,0.9587025446123137,2,0
862,8498_combined.csv,8498_combined.csv,2,0.9611596995587884,2,0
863,8506_combined.csv,3361_combined.csv,4,0.8539119322174259,3,0
864,850_combined.csv,1028_combined.csv,0,0.8580444992093148,2,0
865,8527_combined.csv,8527_combined.csv,0,0.8570100663835424,0,0
866,8534_combined.csv,8534_combined.csv,2,0.9051774349742329,2,0
867,8545_combined.csv,8545_combined.csv,4,0.923798321985133,4,0
868,8573_combined.csv,8573_combined.csv,1,0.9340296408649308,1,0
869,8575_combined.csv,8575_combined.csv,0,0.9434303968993468,0,0
870,8591_combined.csv,8591_combined.csv,3,0.9638051842542438,3,0
871,8592_combined.csv,7134_combined.csv,0,0.7938208034976152,2,0
872,8605_combined.csv,8605_combined.csv,3,0.892389501124827,3,0
873,8619_combined.csv,8619_combined.csv,0,0.8955455504331116,0,0
874,8635_combined.csv,8635_combined.csv,0,0.8849338073241371,0,0
875,8643_combined.csv,8643_combined.csv,0,0.853306532231932,0,0
876,8677_combined.csv,8677_combined.csv,4,0.9203813973988223,4,0
877,8684_combined.csv,8684_combined.csv,0,0.9581974813952978,0,0
878,8687_combined.csv,8687_combined.csv,0,0.9377127858275813,0,0
879,868_combined.csv,868_combined.csv,0,0.9637114081644064,0,0
880,8699_combined.csv,8699_combined.csv,4,0.9745461003743103,4,0
881,8705_combined.csv,8705_combined.csv,2,0.9339060685651369,2,0
882,8713_combined.csv,1112_combined.csv,0,0.8035072084621725,2,0
883,8718_combined.csv,8718_combined.csv,1,0.9127019697884647,1,0
884,8722_combined.csv,8722_combined.csv,3,0.9703955150352334,3,0
885,8725_combined.csv,8725_combined.csv,2,0.883681708030948,2,0
886,8742_combined.csv,3368_combined.csv,0,0.7945031242466825,2,0
887,8758_combined.csv,8758_combined.csv,2,0.843550763404771,2,0
888,8771_combined.csv,8771_combined.csv,4,0.9761183088882766,4,0
889,8772_combined.csv,8772_combined.csv,2,0.8764319107629828,2,0
890,8776_combined.csv,8776_combined.csv,4,0.9724079782472718,4,0
891,8786_combined.csv,8786_combined.csv,2,0.9696289023665169,2,0
892,8791_combined.csv,7553_combined.csv,0,0.8402300578395141,2,0
893,8820_combined.csv,8820_combined.csv,0,0.9407301349928484,0,0
894,8824_combined.csv,8824_combined.csv,0,0.9385974967985262,0,0
895,8825_combined.csv,8825_combined.csv,1,0.9786563442356568,1,0
896,882_combined.csv,882_combined.csv,1,0.9494393985007142,1,0
897,8848_combined.csv,8848_combined.csv,2,0.8784618725135214,2,0
898,8855_combined.csv,8855_combined.csv,2,0.878099412714426,2,0
899,8875_combined.csv,8875_combined.csv,0,0.9533370935006498,0,0
900,8879_combined.csv,8879_combined.csv,2,0.9611585455116327,2,0
901,8887_combined.csv,8887_combined.csv,0,0.9720280132220304,0,0
902,899_combined.csv,1556_combined.csv,0,0.8557642684186639,2,0
903,9022_combined.csv,9022_combined.csv,3,0.9568753951540494,3,0
904,9023_combined.csv,93_combined.csv,1,0.8105777493217123,3,0
905,9026_combined.csv,2348_combined.csv,4,0.859596006045684,1,0
906,90_combined.csv,5157_combined.csv,0,0.8137722417462284,0,0
907,920_combined.csv,920_combined.csv,4,0.934986792242227,4,0
908,922_combined.csv,922_combined.csv,0,0.9356004565025958,0,0
909,925_combined.csv,925_combined.csv,4,0.9515745872604611,4,0
910,93_combined.csv,93_combined.csv,1,0.8981713391664563,1,0
911,948_combined.csv,948_combined.csv,3,0.9738110064263968,3,0
912,949_combined.csv,949_combined.csv,0,0.8433901311078512,0,0
913,953_combined.csv,953_combined.csv,2,0.927141409907244,2,0
914,954_combined.csv,954_combined.csv,0,0.9652014886916407,0,0
915,957_combined.csv,957_combined.csv,0,0.822218231501052,0,0
916,968_combined.csv,968_combined.csv,1,0.9412575330572084,1,0
917,979_combined.csv,979_combined.csv,1,0.9135752569641733,1,0
918,984_combined.csv,984_combined.csv,0,0.8610086293875571,0,0
919,986_combined.csv,986_combined.csv,0,0.9773079791879276,0,0
920,98_combined.csv,98_combined.csv,3,0.8384950028163077,3,0
